Name,University,Physical Fitness Test,,Entrance Exam,GWA,First Chosen Program,Second Chosen Program,Interview,Course,Remarks
Camila Wood,Stanford University USA,a,,100,100,BS Information Technology,BS Biology,100,,
Alexander Thompson,Stanford University USA,1,,100,100,BS Biology,BS Accountancy,100,,
Liam Taylor,Harvard University USA,1,,100,100,BS Accountancy,BS Civil Engineering,100,,
Evelyn Jenkins,Stanford University USA,1,,99,99,BS Civil Engineering,BS Information Technology,99,,
Michael Jackson,Harvard University USA,a,,99,99,BS Information Technology,BS Biology,99,,
Chloe Moore,Stanford University USA,1,,98,98,BS Biology,BS Accountancy,98,,
Nicholas Clark,Harvard University USA,ADS,,98,98,BS Accountancy,BS Civil Engineering,98,,
Olivia Richardson,Stanford University USA,1,,97,97,BS Civil Engineering,BS Information Technology,97,,
Aiden Rivera,Stanford University USA,1,,97,97,BS Information Technology,BS Biology,97,,
Harper Turner,Harvard University USA,1,,97,97,BS Biology,BS Accountancy,97,,
Madison Lee,Stanford University USA,1,,97,97,BS Accountancy,BS Civil Engineering,97,,
Carter Hall,Harvard University USA,1,,97,97,BS Civil Engineering,BS Information Technology,97,,
Mia Thomas,Harvard University USA,1,,97,97,BS Information Technology,BS Biology,97,,
Lucas Evans,University of Oxford UK,1,,96,96,BS Biology,BS Accountancy,96,,
Abigail Bailey,Harvard University USA,S,,95,95,BS Accountancy,BS Civil Engineering,95,,
Joseph Diaz,Harvard University USA,1,,95,95,BS Civil Engineering,BS Information Technology,95,,
William Walker,University of Cambridge UK,1,,95,95,BS Information Technology,BS Biology,95,,
Andrew Anderson,University of Oxford UK,1,,95,95,BS Biology,BS Accountancy,95,,
Sophia King,Harvard University USA,1,,94,94,BS Accountancy,BS Civil Engineering,94,,
Avery Gonzalez,Harvard University USA,1,,92,92,BS Civil Engineering,BS Information Technology,92,,
Lily Davis,Harvard University USA,1,,92,92,BS Information Technology,BS Biology,92,,
Scarlett Cooper,Stanford University USA,1,,92,92,BS Biology,BS Accountancy,92,,
Grace Reed,Stanford University USA,SD,,92,92,BS Accountancy,BS Civil Engineering,92,,
Matthew Johnson,Harvard University USA,1,,92,92,BS Civil Engineering,BS Information Technology,92,,
Jackson Baker,Stanford University USA,1,,92,92,BS Information Technology,BS Biology,92,,
Ella Martinez,Harvard University USA,1,,92,92,BS Biology,BS Accountancy,92,,
Henry Perez,Stanford University USA,1,,91,91,BS Accountancy,BS Civil Engineering,91,,
Ava White,Stanford University USA,1,,91,91,BS Civil Engineering,BS Information Technology,91,,
Gabriel Miller,Stanford University USA,D,,90,90,BS Information Technology,BS Biology,90,,
Mia Brown,Stanford University USA,1,,90,90,BS Biology,BS Accountancy,90,,
Layla Garcia,Harvard University USA,1,,90,90,BS Accountancy,BS Civil Engineering,90,,
Emma Stewart,Stanford University USA,1,,90,90,BS Civil Engineering,BS Information Technology,90,,
Daniel Adams,University of Oxford UK,1,,90,90,BS Information Technology,BS Biology,90,,
Logan Smith,Stanford University USA,1,,90,90,BS Biology,BS Accountancy,90,,
James Harris,Stanford University USA,1,,89,89,BS Accountancy,BS Civil Engineering,89,,
Benjamin Martin,Harvard University USA,1,,89,89,BS Civil Engineering,BS Information Technology,89,,
Elijah Robinson,Harvard University USA,1,,89,89,BS Information Technology,BS Biology,89,,
Zoey Hayes,Harvard University USA,1,,89,89,BS Biology,BS Accountancy,89,,
Samuel Phillips,Harvard University USA,S,,89,89,BS Accountancy,BS Civil Engineering,89,,
Emily Williams,Harvard University USA,1,,89,89,BS Civil Engineering,BS Information Technology,89,,
Sofia Lewis,Stanford University USA,1,,89,89,BS Information Technology,BS Biology,89,,
Amelia Young,University of Oxford UK,1,,89,89,BS Biology,BS Accountancy,89,,
Charlotte Wilson,Harvard University USA,1,,88,88,BS Accountancy,BS Civil Engineering,88,,
Jack Scott,Harvard University USA,1,,88,88,BS Civil Engineering,BS Information Technology,88,,
Noah Parker,Harvard University USA,1,,88,88,BS Information Technology,BS Biology,88,,
David Rodriguez,Harvard University USA,1,,88,88,BS Biology,BS Accountancy,88,,
Aria Nelson,Stanford University USA,1,,87,87,BS Accountancy,BS Civil Engineering,87,,
Ethan Carter,Harvard University USA,1,,87,87,BS Civil Engineering,BS Information Technology,87,,
Oliver Green,Harvard University USA,A,,87,87,BS Information Technology,BS Biology,87,,
Harper Jones,Harvard University USA,1,,87,87,BS Biology,BS Accountancy,87,,
David Martin,Stanford University USA,1,,86,86,BS Accountancy,BS Civil Engineering,86,,
Avery Green,Stanford University USA,1,,86,86,BS Civil Engineering,BS Information Technology,86,,
Aiden Wood,Harvard University USA,1,,86,86,BS Information Technology,BS Biology,86,,
Jackson Anderson,Harvard University USA,1,,85,85,BS Biology,BS Accountancy,85,,
Scarlett Lee,Stanford University USA,1,,85,85,BS Accountancy,BS Civil Engineering,85,,
Lucas Johnson,Stanford University USA,1,,85,85,BS Civil Engineering,BS Information Technology,85,,
Madison Davis,Massachusetts Institute of Technology (MIT) USA,1,,84,84,BS Information Technology,BS Biology,84,,
Nicholas Jones,Harvard University USA,1,,84,84,BS Biology,BS Accountancy,84,,
Evelyn Stewart,Stanford University USA,1,,82,82,BS Accountancy,BS Civil Engineering,82,,
Benjamin Richardson,Stanford University USA,1,,82,82,BS Civil Engineering,BS Information Technology,82,,
Charlotte Walker,Harvard University USA,1,,81,81,BS Information Technology,BS Biology,81,,
Samuel Scott,Harvard University USA,1,,80,80,BS Biology,BS Accountancy,80,,
William Rodriguez,Stanford University USA,1,,80,80,BS Accountancy,BS Civil Engineering,80,,
Emily Carter,Harvard University USA,1,,79,79,BS Civil Engineering,BS Information Technology,79,,
Carter Hall,Harvard University USA,1,,79,79,BS Information Technology,BS Biology,79,,
Alexander Moore,Harvard University USA,1,,78,78,BS Biology,BS Accountancy,78,,
Emma Wilson,Massachusetts Institute of Technology (MIT) USA,1,,78,78,BS Accountancy,BS Civil Engineering,78,,
Mia Young,Harvard University USA,1,,77,77,BS Civil Engineering,BS Information Technology,77,,
Aria Evans,Stanford University USA,1,,76,76,BS Information Technology,BS Biology,76,,
Layla Phillips,Harvard University USA,1,,76,76,BS Biology,BS Accountancy,76,,
Matthew Lewis,Massachusetts Institute of Technology (MIT) USA,1,,75,75,BS Accountancy,BS Civil Engineering,75,,
Noah Jenkins,Harvard University USA,1,,75,75,BS Civil Engineering,BS Information Technology,75,,
Camila Hayes,Harvard University USA,1,,75,75,BS Information Technology,BS Biology,75,,
Logan Turner,Stanford University USA,1,,75,75,BS Biology,BS Accountancy,75,,
Lily Miller,Harvard University USA,1,,74,74,BS Accountancy,BS Civil Engineering,74,,
Mia Perez,Harvard University USA,1,,74,74,BS Civil Engineering,BS Information Technology,74,,
Zoey Rivera,Stanford University USA,1,,74,74,BS Information Technology,BS Biology,74,,
Sophia King,Stanford University USA,1,,74,74,BS Biology,BS Accountancy,74,,
Grace Cooper,Harvard University USA,1,,74,74,BS Accountancy,BS Civil Engineering,74,,
Chloe Williams,Stanford University USA,1,,73,73,BS Civil Engineering,BS Information Technology,73,,
Ella Bailey,Harvard University USA,1,,73,73,BS Information Technology,BS Biology,73,,
Harper Nelson,Stanford University USA,1,,73,73,BS Biology,BS Accountancy,73,,
Henry Baker,Harvard University USA,1,,73,73,BS Accountancy,BS Civil Engineering,73,,
Andrew Gonzalez,Harvard University USA,1,,72,72,BS Civil Engineering,BS Information Technology,72,,
Amelia Harris,Stanford University USA,1,,72,72,BS Information Technology,BS Biology,72,,
Abigail Robinson,Harvard University USA,1,,72,72,BS Biology,BS Accountancy,72,,
Harper Jackson,Harvard University USA,1,,72,72,BS Accountancy,BS Civil Engineering,72,,
Michael White,Massachusetts Institute of Technology (MIT) USA,1,,72,72,BS Civil Engineering,BS Information Technology,72,,
Daniel Brown,University of Oxford UK,1,,72,72,BS Information Technology,BS Biology,72,,
Elijah Thomas,Harvard University USA,1,,71,71,BS Biology,BS Accountancy,71,,
Liam Thompson,Harvard University USA,1,,71,71,BS Accountancy,BS Civil Engineering,71,,
Joseph Martinez,Harvard University USA,1,,70,70,BS Civil Engineering,BS Information Technology,70,,
James Taylor,Massachusetts Institute of Technology (MIT) USA,1,,70,70,BS Information Technology,BS Biology,70,,
Ava Clark,Massachusetts Institute of Technology (MIT) USA,1,,70,70,BS Biology,BS Accountancy,70,,
Gabriel Diaz,Harvard University USA,1,,69,69,BS Accountancy,BS Civil Engineering,69,,
Oliver Parker,California Institute of Technology (Caltech) USA,1,,69,69,BS Civil Engineering,BS Information Technology,69,,
Olivia Smith,Harvard University USA,1,,67,67,BS Information Technology,BS Biology,67,,
Ethan Adams,Harvard University USA,1,,67,67,BS Biology,BS Accountancy,67,,
Sofia Garcia,Harvard University USA,1,,67,67,BS Accountancy,BS Civil Engineering,67,,
Jack Reed,University of Oxford UK,1,,67,67,BS Civil Engineering,BS Information Technology,67,,
Henry Gonzalez,Harvard University USA,1,,67,67,BS Information Technology,BS Biology,67,,
Jackson Johnson,Harvard University USA,1,,66,66,BS Biology,BS Accountancy,66,,
William Richardson,California Institute of Technology (Caltech) USA,1,,66,66,BS Accountancy,BS Civil Engineering,66,,
Gabriel Wilson,Imperial College London UK,1,,66,66,BS Civil Engineering,BS Information Technology,66,,
Ava Walker,University of Oxford UK,1,,66,66,BS Information Technology,BS Biology,66,,
Harper Bailey,Harvard University USA,1,,64,64,BS Biology,BS Accountancy,64,,
Alexander Clark,Harvard University USA,1,,64,64,BS Accountancy,BS Civil Engineering,64,,
Michael Evans,Stanford University USA,1,,63,63,BS Civil Engineering,BS Information Technology,63,,
Zoey Jenkins,Stanford University USA,1,,62,62,BS Information Technology,BS Biology,62,,
Liam Taylor,Harvard University USA,1,,62,62,BS Biology,BS Accountancy,62,,
Camila Rivera,University of Oxford UK,1,,62,62,BS Accountancy,BS Civil Engineering,62,,
Jack Garcia,Harvard University USA,1,,62,62,BS Civil Engineering,BS Information Technology,62,,
Joseph Parker,Massachusetts Institute of Technology (MIT) USA,1,,62,62,BS Information Technology,BS Biology,62,,
Abigail Thomas,University of Oxford UK,1,,62,62,BS Biology,BS Accountancy,62,,
Sophia Carter,Harvard University USA,1,,61,61,BS Accountancy,BS Civil Engineering,61,,
Layla Jackson,Harvard University USA,1,,61,61,BS Civil Engineering,BS Information Technology,61,,
Mia Smith,Stanford University USA,1,,59,59,BS Information Technology,BS Biology,59,,
Sofia Nelson,Stanford University USA,1,,59,59,BS Biology,BS Accountancy,59,,
Elijah Williams,Stanford University USA,1,,58,58,BS Accountancy,BS Civil Engineering,58,,
Charlotte Baker,Stanford University USA,1,,58,58,BS Civil Engineering,BS Information Technology,58,,
Benjamin Green,Stanford University USA,1,,57,57,BS Information Technology,BS Biology,57,,
Matthew Miller,Harvard University USA,1,,57,57,BS Biology,BS Accountancy,57,,
Ella Stewart,Stanford University USA,1,,57,57,BS Accountancy,BS Civil Engineering,57,,
Emily Moore,Stanford University USA,1,,54,54,BS Civil Engineering,BS Information Technology,54,,
Noah Martinez,Harvard University USA,1,,53,53,BS Information Technology,BS Biology,53,,
Grace Hall,Harvard University USA,1,,51,51,BS Biology,BS Accountancy,51,,
Logan Brown,University of Oxford UK,1,,48,48,BS Accountancy,BS Civil Engineering,48,,
Lily Davis,Stanford University USA,1,,47,47,BS Civil Engineering,BS Information Technology,47,,
Amelia Jones,Massachusetts Institute of Technology (MIT) USA,1,,46,46,BS Information Technology,BS Biology,46,,
Carter Wood,Harvard University USA,1,,44,44,BS Biology,BS Accountancy,44,,
Emma Reed,Harvard University USA,1,,42,42,BS Accountancy,BS Civil Engineering,42,,
Harper Diaz,Harvard University USA,1,,41,41,BS Civil Engineering,BS Information Technology,41,,
Daniel Lee,Stanford University USA,1,,40,40,BS Information Technology,BS Biology,40,,
David Adams,Stanford University USA,1,,38,38,BS Biology,BS Accountancy,38,,
James Scott,Harvard University USA,1,,38,38,BS Accountancy,BS Civil Engineering,38,,
Chloe Anderson,Harvard University USA,1,,37,37,BS Civil Engineering,BS Information Technology,37,,
Oliver Turner,Harvard University USA,1,,37,37,BS Information Technology,BS Biology,37,,
Scarlett Cooper,University of Oxford UK,1,,34,34,BS Biology,BS Accountancy,34,,
Mia Young,Stanford University USA,1,,31,31,BS Accountancy,BS Civil Engineering,31,,
Olivia White,Harvard University USA,1,,30,30,BS Civil Engineering,BS Information Technology,30,,
Lucas Hayes,Stanford University USA,1,,30,30,BS Information Technology,BS Biology,30,,
Aria King,University of Cambridge UK,1,,30,30,BS Biology,BS Accountancy,30,,
Madison Harris,Harvard University USA,1,,30,30,BS Accountancy,BS Civil Engineering,30,,
Aiden Thompson,University of Oxford UK,1,,30,30,BS Civil Engineering,BS Information Technology,30,,
Andrew Phillips,Harvard University USA,1,,30,30,BS Information Technology,BS Biology,30,,
Evelyn Robinson,Harvard University USA,1,,28,28,BS Biology,BS Accountancy,28,,
Avery Lewis,Stanford University USA,1,,28,28,BS Accountancy,BS Civil Engineering,28,,
Ethan Martin,Stanford University USA,1,,24,24,BS Civil Engineering,BS Information Technology,24,,
Nicholas Rodriguez,Harvard University USA,1,,24,24,BS Information Technology,BS Biology,24,,
Samuel Perez,Stanford University USA,1,,20,20,BS Biology,BS Accountancy,20,,
Emily Lee,Massachusetts Institute of Technology (MIT) USA,1,,5,5,BS Accountancy,BS Civil Engineering,5,,
John Doe,Stanford University USA,1,,b,b,BS Civil Engineering,BS Information Technology,b,,
Jane Smith,Harvard University USA,1,,65,65,BS Information Technology,BS Biology,65,,
Michael Johnson,Stanford University USA,1,,65,65,BS Biology,BS Accountancy,65,,
Emily Davis,Stanford University USA,1,,65,65,BS Accountancy,BS Civil Engineering,65,,
Robert Anderson,Harvard University USA,1,,b,b,BS Civil Engineering,BS Information Technology,b,,
Sarah White,Stanford University USA,1,,65,65,BS Information Technology,BS Biology,65,,
Christopher Lee,Harvard University USA,1,,65,65,BS Biology,BS Accountancy,65,,
Olivia Taylor,Harvard University USA,1,,88,88,BS Accountancy,BS Civil Engineering,88,,
Daniel Brown,University of Oxford UK,1,,78,78,BS Civil Engineering,BS Information Technology,78,,
Mia Harris,Harvard University USA,1,,55,55,BS Information Technology,BS Biology,55,,
Liam Martin,Harvard University USA,1,,90,90,BS Biology,BS Accountancy,90,,
Ava Garcia,University of Cambridge UK,1,,SSS,SSS,BS Accountancy,BS Civil Engineering,SSS,,
Ethan Wilson,University of Oxford UK,1,,62,62,BS Civil Engineering,BS Information Technology,62,,
Emma Miller,Harvard University USA,1,,SD,SD,BS Information Technology,BS Biology,SD,,
Noah Davis,Harvard University USA,1,,ASD,ASD,BS Biology,BS Accountancy,ASD,,
Sophia Clark,Harvard University USA,1,,ASD,ASD,BS Accountancy,BS Civil Engineering,ASD,,
Logan Turner,Stanford University USA,1,,91,91,BS Civil Engineering,BS Information Technology,91,,
Mia Johnson,Stanford University USA,1,,77,77,BS Information Technology,BS Biology,77,,
Aiden Thomas,Harvard University USA,1,,SD,SD,BS Biology,BS Accountancy,SD,,
Abigail Moore,Stanford University USA,1,,86,86,BSED Mathematics,BS Civil Engineering,86,,
Jackson Brooks,Harvard University USA,1,,SDA,SDA,BS Criminology,BS Information Technology,SDA,,
Lily Walker,Stanford University USA,1,,82,82,BS Computer Science,BS Biology,82,,
Samuel Hall,Stanford University USA,1,,89,89,BS Psychology,BS Accountancy,89,,
Zoey Adams,Stanford University USA,1,,57,57,BSED Mathematics,BS Civil Engineering,57,,
Owen Turner,Stanford University USA,1,,76,76,BS Criminology,BS Information Technology,76,,
Grace Taylor,Harvard University USA,1,,S,S,BS Computer Science,BS Biology,S,,
Benjamin Scott,Stanford University USA,1,,64,64,BS Psychology,BS Accountancy,64,,
Harper Baker,University of Oxford UK,1,,94,94,BSED Mathematics,BS Civil Engineering,94,,
D,Stanford University USA,1,,S,S,BS Criminology,BS Information Technology,S,,
Natalie King,Stanford University USA,1,,59,59,BS Computer Science,BS Biology,59,,
Isaac Ward,Harvard University USA,1,,93,93,BS Psychology,BS Accountancy,93,,
Aria Lopez,Harvard University USA,1,,66,66,BSED Mathematics,BS Civil Engineering,66,,
James Cooper,Harvard University USA,1,,74,74,BS Criminology,BS Information Technology,74,,
Stella Mitchell,Harvard University USA,1,,S,S,BS Computer Science,BS Biology,S,,
Leo Perez,Harvard University USA,1,,73,73,BS Psychology,BS Accountancy,73,,
Hazel Rivera,Stanford University USA,1,,S,S,BSED Mathematics,BS Civil Engineering,S,,
Elijah Reed,University of Oxford UK,1,,98,98,BS Criminology,BS Information Technology,98,,
Penelope Torres,Harvard University USA,1,,72,72,BS Computer Science,BS Biology,72,,
Wyatt Morgan,Harvard University USA,1,,61,61,BS Psychology,BS Accountancy,61,,
Addison Price,Harvard University USA,1,,96,96,BSED Mathematics,BS Civil Engineering,96,,
Grayson Bell,Harvard University USA,1,,71,71,BS Criminology,BS Information Technology,71,,
Paisley Diaz,Stanford University USA,1,,54,54,BS Computer Science,BS Biology,54,,
Lincoln Coleman,Harvard University USA,1,,99,99,BS Psychology,BS Accountancy,99,,
Gabriella Hayes,Harvard University USA,1,,70,70,BSED Mathematics,BS Civil Engineering,70,,
Zane Stewart,Harvard University USA,1,,67,67,BS Criminology,BS Information Technology,67,,
Bella Turner,Stanford University USA,1,,95,95,BS Computer Science,BS Biology,95,,
Caleb Ross,Stanford University USA,1,,69,69,BS Psychology,BS Accountancy,69,,
Luna Young,Harvard University USA,1,,53,53,BSED Mathematics,BS Civil Engineering,53,,
Mateo Perry,Harvard University USA,1,,B,B,BS Criminology,BS Information Technology,B,,
Hazel Collins,Stanford University USA,1,,75,75,BS Computer Science,BS Biology,75,,
Hudson Hughes,Stanford University USA,1,,52,52,BS Psychology,BS Accountancy,52,,
Aurora Morgan,Massachusetts Institute of Technology (MIT) USA,1,,89,89,BSED Mathematics,BS Civil Engineering,89,,
Carter Brooks,Harvard University USA,1,,74,74,BS Criminology,BS Information Technology,74,,
Nova Ward,Stanford University USA,1,,51,51,BS Computer Science,BS Biology,51,,
Elijah Kelly,Stanford University USA,1,,93,93,BS Psychology,BS Accountancy,93,,
Ivy Powell,Harvard University USA,1,,77,77,BSED Mathematics,BS Civil Engineering,77,,
Sawyer Bailey,Harvard University USA,1,,58,58,BS Criminology,BS Information Technology,58,,
Clara Holmes,Stanford University USA,1,,87,87,BS Computer Science,BS Biology,87,,
Silas Sullivan,Harvard University USA,1,,76,76,BS Psychology,BS Accountancy,76,,
Hazel Olson,Harvard University USA,1,,55,55,BSED Mathematics,BS Civil Engineering,55,,
Lincoln Holmes,Harvard University USA,1,,91,91,BS Criminology,BS Information Technology,91,,
Lucy Myers,Massachusetts Institute of Technology (MIT) USA,1,,80,80,BS Computer Science,BS Biology,80,,
Nolan Turner,Harvard University USA,1,,63,63,BS Psychology,BS Accountancy,63,,
Stella Schmidt,Stanford University USA,1,,88,88,BSED Mathematics,BS Civil Engineering,88,,
Max Thompson,Harvard University USA,1,,79,79,BS Criminology,BS Information Technology,79,,
Mia Harper,Massachusetts Institute of Technology (MIT) USA,1,,56,56,BS Computer Science,BS Biology,56,,
Oliver Turner,Harvard University USA,1,,90,90,BS Psychology,BS Accountancy,90,,
Scarlett Foster,Harvard University USA,1,,82,82,BSED Mathematics,BS Civil Engineering,82,,
Levi Russell,Stanford University USA,1,,59,59,BS Criminology,BS Information Technology,59,,
Evelyn Reed,Harvard University USA,1,,86,86,BS Computer Science,BS Biology,86,,
Jackson Turner,Harvard University USA,1,,78,78,BS Psychology,BS Accountancy,78,,
Harper Coleman,Stanford University USA,1,,60,60,BSED Mathematics,BS Civil Engineering,60,,
Amelia Brooks,Stanford University USA,1,,92,92,BS Criminology,BS Information Technology,92,,
Mason Turner,Harvard University USA,1,,81,81,BS Computer Science,BS Biology,81,,
Zoe Sullivan,Stanford University USA,1,,57,57,BS Psychology,BS Accountancy,57,,
Caleb Turner,Harvard University USA,1,,94,94,BSED Mathematics,BS Civil Engineering,94,,
Aurora Hayes,Stanford University USA,1,,83,83,BS Criminology,BS Information Technology,83,,
Logan Turner,Harvard University USA,1,,62,62,BS Computer Science,BS Biology,62,,
Ivy Bell,Harvard University USA,1,,85,85,BS Psychology,BS Accountancy,85,,
John Smith,Stanford University USA,1,,88,88,BSED Mathematics,BS Civil Engineering,88,,
Emily Johnson,Harvard University USA,1,,70,70,BS Criminology,BS Information Technology,70,,
Ethan Parker,Harvard University USA,1,,95,95,BS Computer Science,BS Biology,95,,
Sophie Brown,Massachusetts Institute of Technology (MIT) USA,1,,85,85,BS Psychology,BS Accountancy,85,,
Noah Wilson,University of Oxford UK,1,,65,65,BSED Mathematics,BS Civil Engineering,65,,
Ava Turner,Harvard University USA,1,,92,92,BS Criminology,BS Information Technology,92,,
Olivia White,Harvard University USA,1,,78,78,BS Computer Science,BS Biology,78,,
Logan Davis,Harvard University USA,1,,60,60,BS Psychology,BS Accountancy,60,,
Emma Adams,Massachusetts Institute of Technology (MIT) USA,1,,87,87,BSED Mathematics,BS Civil Engineering,87,,
Daniel Hall,Massachusetts Institute of Technology (MIT) USA,1,,84,84,BS Criminology,BS Information Technology,84,,
Mia Martin,Harvard University USA,1,,68,68,BS Computer Science,BS Biology,68,,
Liam Harris,California Institute of Technology (Caltech) USA,1,,90,90,BS Psychology,BS Accountancy,90,,
Ella Thompson,Harvard University USA,1,,79,79,BSED Mathematics,BS Civil Engineering,79,,
James Carter,Harvard University USA,1,,63,63,BS Criminology,BS Information Technology,63,,
Avery Taylor,Harvard University USA,1,,91,91,BS Computer Science,BS Biology,91,,
Isabella Rodriguez,University of Oxford UK,1,,77,77,BS Psychology,BS Accountancy,77,,
Matthew Lee,Harvard University USA,1,,55,55,BSED Mathematics,BS Civil Engineering,55,,
Evelyn King,Harvard University USA,1,,86,86,BS Criminology,BS Information Technology,86,,
Michael Harris,California Institute of Technology (Caltech) USA,1,,82,82,BS Computer Science,BS Biology,82,,
Aria Scott,Imperial College London UK,1,,59,59,BS Psychology,BS Accountancy,59,,
Elijah Baker,University of Oxford UK,1,,94,94,BSED Mathematics,BS Civil Engineering,94,,
Charlotte Clark,Harvard University USA,1,,83,83,BS Criminology,BS Information Technology,83,,
Lucas Turner,Harvard University USA,1,,62,62,BS Computer Science,BS Biology,62,,
Grace Evans,Stanford University USA,1,,85,85,BS Psychology,BS Accountancy,85,,
Benjamin Turner,Stanford University USA,1,,88,88,BSED Mathematics,BS Civil Engineering,88,,
Aria Nelson,Harvard University USA,1,,70,70,BS Criminology,BS Information Technology,70,,
Hazel Parker,University of Oxford UK,1,,95,95,BS Computer Science,BS Biology,95,,
Zoey Thompson,Harvard University USA,1,,80,80,BS Psychology,BS Accountancy,80,,
Jacob Brooks,Massachusetts Institute of Technology (MIT) USA,1,,65,65,BSED Mathematics,BS Civil Engineering,65,,
Mia Hernandez,University of Oxford UK,1,,92,92,BS Criminology,BS Information Technology,92,,
Landon Davis,Harvard University USA,1,,78,78,BS Computer Science,BS Biology,78,,
Eva Adams,Harvard University USA,1,,60,60,BS Psychology,BS Accountancy,60,,
Jack Hall,Stanford University USA,1,,87,87,BSED Mathematics,BS Civil Engineering,87,,
Ella Miller,Stanford University USA,1,,84,84,BS Criminology,BS Information Technology,84,,
Logan Martin,Stanford University USA,1,,68,68,BS Computer Science,BS Biology,68,,
Avery Harris,Stanford University USA,1,,90,90,BS Psychology,BS Accountancy,90,,
Isabella Thompson,Stanford University USA,1,,79,79,BSED Mathematics,BS Civil Engineering,79,,
Matthew Carter,Harvard University USA,1,,63,63,BS Criminology,BS Information Technology,63,,
Evelyn Taylor,Stanford University USA,1,,91,91,BS Computer Science,BS Biology,91,,
Michael Rodriguez,Stanford University USA,1,,77,77,BS Psychology,BS Accountancy,77,,
Aria Lee,Harvard University USA,1,,55,55,BSED Mathematics,BS Civil Engineering,55,,
Sophie Holmes,Harvard University USA,1,,86,86,BS Criminology,BS Information Technology,86,,
Noah Scott,University of Oxford UK,1,,82,82,BS Computer Science,BS Biology,82,,
Ava Baker,Stanford University USA,1,,59,59,BS Psychology,BS Accountancy,59,,
Olivia Turner,Massachusetts Institute of Technology (MIT) USA,1,,94,94,BSED Mathematics,BS Civil Engineering,94,,
Logan Clark,Harvard University USA,1,,83,83,BS Criminology,BS Information Technology,83,,
Emma Evans,Harvard University USA,1,,62,62,BS Computer Science,BS Biology,62,,
Logan Davis,Harvard University USA,1,,60,60,BS Psychology,BS Accountancy,60,,
Emma Adams,Stanford University USA,1,,87,87,BSED Mathematics,BS Civil Engineering,87,,
Daniel Hall,Stanford University USA,1,,84,84,BS Criminology,BS Information Technology,84,,
Mia Martin,Harvard University USA,1,,68,68,BS Computer Science,BS Biology,68,,
Liam Harris,Harvard University USA,1,,90,90,BS Psychology,BS Accountancy,90,,
Ella Thompson,Harvard University USA,1,,79,79,BSED Mathematics,BS Civil Engineering,79,,
James Carter,University of Oxford UK,1,,63,63,BS Criminology,BS Information Technology,63,,
Avery Taylor,Stanford University USA,1,,91,91,BS Computer Science,BS Biology,91,,
Isabella Rodriguez,Harvard University USA,1,,77,77,BS Psychology,BS Accountancy,77,,
Matthew Lee,Stanford University USA,1,,55,55,BSED Mathematics,BS Civil Engineering,55,,
Evelyn King,University of Cambridge UK,1,,86,86,BS Criminology,BS Information Technology,86,,
Michael Harris,Harvard University USA,1,,82,82,BS Computer Science,BS Biology,82,,
Aria Scott,University of Oxford UK,1,,59,59,BS Psychology,BS Accountancy,59,,
Elijah Baker,Harvard University USA,1,,94,94,BSED Mathematics,BS Civil Engineering,94,,
Charlotte Clark,Harvard University USA,1,,83,83,BS Criminology,BS Information Technology,83,,
Lucas Turner,Stanford University USA,1,,62,62,BS Computer Science,BS Biology,62,,
Grace Evans,Stanford University USA,1,,85,85,BS Psychology,BS Accountancy,85,,
Benjamin Turner,Harvard University USA,1,,88,88,BSED Mathematics,BS Civil Engineering,88,,
Aria Nelson,Stanford University USA,1,,70,70,BS Criminology,BS Information Technology,70,,
Hazel Parker,Massachusetts Institute of Technology (MIT) USA,1,,95,95,BS Computer Science,BS Biology,95,,
Zoey Thompson,Stanford University USA,1,,80,80,BS Psychology,BS Accountancy,80,,
Jacob Brooks,Harvard University USA,1,,65,65,BSED Mathematics,BS Civil Engineering,65,,
Mia Hernandez,Stanford University USA,1,,92,92,BS Criminology,BS Information Technology,92,,
Landon Davis,Stanford University USA,1,,78,78,BS Computer Science,BS Biology,78,,
Eva Adams,Harvard University USA,1,,60,60,BS Psychology,BS Accountancy,60,,
Jack Hall,Stanford University USA,1,,87,87,BSED Mathematics,BS Civil Engineering,87,,
Ella Miller,Harvard University USA,1,,84,84,BS Criminology,BS Information Technology,84,,
Logan Martin,Harvard University USA,1,,68,68,BS Computer Science,BS Biology,68,,
Avery Harris,University of Oxford UK,1,,90,90,BS Psychology,BS Accountancy,90,,
Isabella Thompson,Harvard University USA,1,,79,79,BSED Mathematics,BS Civil Engineering,79,,
Matthew Carter,Harvard University USA,1,,63,63,BS Criminology,BS Information Technology,63,,
Evelyn Taylor,University of Cambridge UK,1,,91,91,BS Computer Science,BS Biology,91,,
Michael Rodriguez,University of Oxford UK,1,,77,77,BS Psychology,BS Accountancy,77,,
Aria Lee,Harvard University USA,1,,55,55,BSED Mathematics,BS Civil Engineering,55,,
Sophie Holmes,Harvard University USA,1,,86,86,BS Criminology,BS Information Technology,86,,
Noah Scott,Harvard University USA,1,,82,82,BS Computer Science,BS Biology,82,,
Ava Baker,Stanford University USA,1,,59,59,BS Psychology,BS Accountancy,59,,
Olivia Turner,Stanford University USA,1,,94,94,BSED Mathematics,BS Civil Engineering,94,,
Logan Clark,Harvard University USA,1,,83,83,BS Criminology,BS Information Technology,83,,
Emma Evans,Stanford University USA,1,,62,62,BS Computer Science,BS Biology,62,,
Lucas Turner,Harvard University USA,1,,85,85,BS Psychology,BS Accountancy,85,,
Darryl John,Stanford University USA,1,,97,97,BSED Mathematics,BS Civil Engineering,97,,
Jasmine Parker,Stanford University USA,1,,79,79,BS Criminology,BS Information Technology,79,,
Xavier Montgomery,Stanford University USA,1,,63,63,BS Computer Science,BS Biology,63,,
Emily Rodriguez,Stanford University USA,1,,91,91,BS Psychology,BS Accountancy,91,,
Jacob Patel,Harvard University USA,1,,77,77,BSED Mathematics,BS Civil Engineering,77,,
Olivia Chang,Stanford University USA,1,,55,55,BS Criminology,BS Information Technology,55,,
Lucas Thompson,University of Oxford UK,1,,86,86,BS Computer Science,BS Biology,86,,
Ava Khan,Stanford University USA,1,,82,82,BS Psychology,BS Accountancy,82,,
Benjamin Kim,Stanford University USA,1,,59,59,BSED Mathematics,BS Civil Engineering,59,,
Sophia Gupta,Harvard University USA,1,,94,94,BS Criminology,BS Information Technology,94,,
William Santos,Harvard University USA,1,,83,83,BS Computer Science,BS Biology,83,,
Nathanial Reynolds,Harvard University USA,1,,62,62,BS Psychology,BS Accountancy,62,,
Stella Moore,Harvard University USA,1,,85,85,BSED Mathematics,BS Civil Engineering,85,,
Damian Hunt,Harvard University USA,1,,88,88,BS Criminology,BS Information Technology,88,,
Madeline Griffin,Stanford University USA,1,,70,70,BS Computer Science,BS Biology,70,,
Isaac Park,University of Oxford UK,1,,95,95,BS Psychology,BS Accountancy,95,,
Lydia Foster,Harvard University USA,1,,80,80,BSED Mathematics,BS Civil Engineering,80,,
Mason Donovan,Harvard University USA,1,,65,65,BS Criminology,BS Information Technology,65,,
Penelope Choi,Harvard University USA,1,,92,92,BS Computer Science,BS Biology,92,,
Dominic Clarke,Harvard University USA,1,,78,78,BS Psychology,BS Accountancy,78,,
Violet Nguyen,Stanford University USA,1,,60,60,BSED Mathematics,BS Civil Engineering,60,,
Vincent Barker,Harvard University USA,1,,87,87,BS Criminology,BS Information Technology,87,,
Elise Zimmerman,Harvard University USA,1,,84,84,BS Computer Science,BS Biology,84,,
Desmond Wong,Harvard University USA,1,,68,68,BS Psychology,BS Accountancy,68,,
Harper Bishop,Stanford University USA,1,,90,90,BSED Mathematics,BS Civil Engineering,90,,
Xavier Roth,Stanford University USA,1,,79,79,BS Criminology,BS Information Technology,79,,
Elena Vargas,Harvard University USA,1,,63,63,BS Computer Science,BS Biology,63,,
Garrett Fuller,Harvard University USA,1,,91,91,BS Psychology,BS Accountancy,91,,
Juniper Patel,Stanford University USA,1,,77,77,BSED Mathematics,BS Civil Engineering,77,,
Tristan Shepard,Stanford University USA,1,,55,55,BS Criminology,BS Information Technology,55,,
Eloise Kim,Massachusetts Institute of Technology (MIT) USA,1,,86,86,BS Computer Science,BS Biology,86,,
Roman Sullivan,Harvard University USA,1,,82,82,BS Psychology,BS Accountancy,82,,
Aurora Santos,Stanford University USA,1,,59,59,BSED Mathematics,BS Civil Engineering,59,,
Atticus Hawkins,Stanford University USA,1,,94,94,BS Criminology,BS Information Technology,94,,
Juliette Ruiz,Harvard University USA,1,,83,83,BS Computer Science,BS Biology,83,,
Finnegan Schultz,Harvard University USA,1,,62,62,BS Psychology,BS Accountancy,62,,
Cassandra Graham,Stanford University USA,1,,85,85,BSED Mathematics,BS Civil Engineering,85,,
Silas Flynn,Harvard University USA,1,,79,79,BS Criminology,BS Information Technology,79,,
Kiera Holland,Harvard University USA,1,,63,63,BS Computer Science,BS Biology,63,,
Ezekiel Cameron,Harvard University USA,1,,91,91,BS Psychology,BS Accountancy,91,,
Adrianna Novak,Massachusetts Institute of Technology (MIT) USA,1,,77,77,BSED Mathematics,BS Civil Engineering,77,,
Wesley Carr,Harvard University USA,0,,55,55,BS Criminology,BS Information Technology,55,,
Serenity Heath,Stanford University USA,0,,86,86,BS Computer Science,BS Biology,86,,
Bryce Harrington,Harvard University USA,0,,82,82,BS Psychology,BS Accountancy,82,,
Paisley Delgado,Massachusetts Institute of Technology (MIT) USA,0,,59,59,BSED Mathematics,BS Civil Engineering,59,,
Jonah Weiss,Harvard University USA,0,,94,94,BS Criminology,BS Information Technology,94,,
Sienna Vega,Harvard University USA,0,,83,83,BS Computer Science,BS Biology,83,,
Zachary O'Connell,Stanford University USA,0,,62,62,BS Psychology,BS Accountancy,62,,
Gabrielle Pena,Harvard University USA,0,,85,85,BSED Mathematics,BS Civil Engineering,85,,
Grady McLaughlin,Harvard University USA,0,,88,88,BS Criminology,BS Information Technology,88,,
Amara Soto,Stanford University USA,0,,70,70,BS Computer Science,BS Biology,70,,
Jaxon Rojas,Stanford University USA,0,,95,95,BS Psychology,BS Accountancy,95,,
Leilani Chambers,Harvard University USA,0,,80,80,BSED Mathematics,BS Civil Engineering,80,,
Sawyer Yu,Stanford University USA,0,,65,65,BS Criminology,BS Information Technology,65,,
Anaya Fitzgerald,Harvard University USA,0,,92,92,BS Computer Science,BS Biology,92,,
Tucker Chan,Stanford University USA,0,,78,78,BS Psychology,BS Accountancy,78,,
Adelaide Macias,Harvard University USA,0,,60,60,BSED Mathematics,BS Civil Engineering,60,,
Kaden Ho,Harvard University USA,0,,87,87,BS Criminology,BS Information Technology,87,,
Lillian Maldonado,Stanford University USA,0,,84,84,BS Computer Science,BS Biology,84,,
Rylan Pritchard,Harvard University USA,0,,68,68,BS Psychology,BS Accountancy,68,,
Marina Boone,Harvard University USA,0,,90,90,BSED Mathematics,BS Civil Engineering,90,,
Corbin Cabrera,Massachusetts Institute of Technology (MIT) USA,0,,79,79,BS Criminology,BS Information Technology,79,,
Genevieve Rivas,University of Oxford UK,0,,63,63,BS Computer Science,BS Biology,63,,
Beckham Mahoney,Harvard University USA,0,,91,91,BS Psychology,BS Accountancy,91,,
Evangeline Crosby,Harvard University USA,0,,77,77,BSED Mathematics,BS Civil Engineering,77,,
Solomon Kerr,Harvard University USA,0,,55,55,BS Criminology,BS Information Technology,55,,
Athena Wu,Massachusetts Institute of Technology (MIT) USA,0,,86,86,BS Computer Science,BS Biology,86,,
Keegan Daugherty,Massachusetts Institute of Technology (MIT) USA,0,,82,82,BS Psychology,BS Accountancy,82,,
Madeleine Yu,Harvard University USA,0,,59,59,BSED Mathematics,BS Civil Engineering,59,,
Matthias O'Neill,California Institute of Technology (Caltech) USA,0,,94,94,BS Criminology,BS Information Technology,94,,
Nova Cantu,Harvard University USA,0,,83,83,BS Computer Science,BS Biology,83,,
Orlando Valencia,Harvard University USA,0,,62,62,BS Psychology,BS Accountancy,62,,
Camilla Page,Harvard University USA,0,,85,85,BSED Mathematics,BS Civil Engineering,85,,
Greyson Montoya,University of Oxford UK,0,,92,92,BS Criminology,BS Information Technology,92,,
Luciana Key,Harvard University USA,0,,78,78,BS Computer Science,BS Biology,78,,
Kellan Macdonald,Harvard University USA,0,,60,60,BS Psychology,BS Accountancy,60,,
Camille Conrad,California Institute of Technology (Caltech) USA,0,,87,87,BSED Mathematics,BS Civil Engineering,87,,
Lachlan Bolton,Imperial College London UK,0,,84,84,BS Criminology,BS Information Technology,84,,
Giselle Hanna,University of Oxford UK,0,,68,68,BS Computer Science,BS Biology,68,,
Callum Bender,Harvard University USA,0,,90,90,BS Psychology,BS Accountancy,90,,
Ember Rivera,Harvard University USA,0,,79,79,BSED Mathematics,BS Civil Engineering,79,,
Clark Stanton,Stanford University USA,0,,63,63,BS Criminology,BS Information Technology,63,,
Summer Floyd,Stanford University USA,0,,91,91,BS Computer Science,BS Biology,91,,
Elliot Villegas,Harvard University USA,0,,77,77,BS Psychology,BS Accountancy,77,,
Marley Acevedo,University of Oxford UK,0,,55,55,BSED Mathematics,BS Civil Engineering,55,,
Nixon Bradshaw,Harvard University USA,0,,86,86,BS Criminology,BS Information Technology,86,,
Cecilia Ochoa,Massachusetts Institute of Technology (MIT) USA,0,,82,82,BS Computer Science,BS Biology,82,,
Kyrie Potts,University of Oxford UK,0,,59,59,BS Psychology,BS Accountancy,59,,
Francesca Gillespie,Harvard University USA,0,,94,94,BSED Mathematics,BS Civil Engineering,94,,
Lawrence Proctor,Harvard University USA,0,,83,83,BS Criminology,BS Information Technology,83,,
Jocelyn Pacheco,Stanford University USA,0,,62,62,BS Computer Science,BS Biology,62,,
Heath Weiss,Stanford University USA,0,,85,85,BS Psychology,BS Accountancy,85,,
Celeste Hendricks,Stanford University USA,0,,88,88,BSED Mathematics,BS Civil Engineering,88,,
Konnor Dorsey,Stanford University USA,0,,70,70,BS Criminology,BS Information Technology,70,,
Raquel Sheppard,Stanford University USA,0,,95,95,BS Computer Science,BS Biology,95,,
Alessandro Cartwright,Harvard University USA,0,,80,80,BS Psychology,BS Accountancy,80,,
Juno Rangel,Stanford University USA,0,,65,65,BSED Mathematics,BS Civil Engineering,65,,
Carlisle Hendrix,Stanford University USA,0,,92,92,BS Criminology,BS Information Technology,92,,
Roselyn Sheppard,Harvard University USA,0,,78,78,BS Computer Science,BS Biology,78,,
Cullen Dunlap,Harvard University USA,0,,60,60,BS Psychology,BS Accountancy,60,,
Dahlia Ritter,University of Oxford UK,0,,87,87,BSED Mathematics,BS Civil Engineering,87,,
Jedidiah Rasmussen,Stanford University USA,0,,84,84,BS Criminology,BS Information Technology,84,,
Aisha Olsen,Massachusetts Institute of Technology (MIT) USA,0,,68,68,BS Computer Science,BS Biology,68,,
Stefan Medina,Harvard University USA,0,,90,90,BS Psychology,BS Accountancy,90,,
Reyna Bender,Harvard University USA,0,,79,79,BSED Mathematics,BS Civil Engineering,79,,
Trenton Townsend,Harvard University USA,0,,63,63,BS Criminology,BS Information Technology,63,,
Ingrid Huber,Stanford University USA,0,,91,91,BS Computer Science,BS Biology,91,,
Anders Cuevas,Stanford University USA,0,,77,77,BS Psychology,BS Accountancy,77,,
Noelle Shea,Harvard University USA,0,,55,55,BSED Mathematics,BS Civil Engineering,55,,
Emery Cooley,Harvard University USA,0,,86,86,BS Criminology,BS Information Technology,86,,
Kyla Huerta,Harvard University USA,0,,82,82,BS Computer Science,BS Biology,82,,
Declan Donovan,University of Oxford UK,0,,59,59,BS Psychology,BS Accountancy,59,,
Annabelle Huang,Stanford University USA,0,,94,94,BSED Mathematics,BS Civil Engineering,94,,
Phoenix Chang,Harvard University USA,0,,83,83,BS Criminology,BS Information Technology,83,,
Zachariah Patel,Stanford University USA,0,,62,62,BS Computer Science,BS Biology,62,,
Marlowe Tran,University of Cambridge UK,0,,60,60,BS Psychology,BS Accountancy,60,,
Kellan Fitzgerald,Harvard University USA,0,,87,87,BSED Mathematics,BS Civil Engineering,87,,
Eliza Werner,University of Oxford UK,0,,84,84,BS Criminology,BS Information Technology,84,,
Darian Ortiz,Harvard University USA,0,,68,68,BS Computer Science,BS Biology,68,,
Adeline Monroe,Harvard University USA,0,,90,90,BS Psychology,BS Accountancy,90,,
Rafaela Bishop,Stanford University USA,0,,79,79,BSED Mathematics,BS Civil Engineering,79,,
Kian O'Malley,Stanford University USA,0,,63,63,BS Criminology,BS Information Technology,63,,
Mira Santiago,Harvard University USA,0,,91,91,BS Computer Science,BS Biology,91,,
Alaric Jefferson,Stanford University USA,0,,77,77,BS Psychology,BS Accountancy,77,,
Vienna Park,Massachusetts Institute of Technology (MIT) USA,0,,55,55,BSED Mathematics,BS Civil Engineering,55,,
Nikolai Pritchard,Stanford University USA,0,,86,86,BS Criminology,BS Information Technology,86,,
Raina Espinoza,Harvard University USA,0,,82,82,BS Computer Science,BS Biology,82,,
Emmett Bradford,Stanford University USA,0,,59,59,BS Psychology,BS Accountancy,59,,
Gwendolyn Shea,Stanford University USA,0,,94,94,BSED Mathematics,BS Civil Engineering,94,,
Anders Rosales,Harvard University USA,0,,83,83,BS Criminology,BS Information Technology,83,,
Zara Cantrell,Stanford University USA,0,,62,62,BS Computer Science,BS Biology,62,,
Kyson McCall,Harvard University USA,0,,85,85,BS Psychology,BS Accountancy,85,,
Cassandra Zhang,Harvard University USA,0,,88,88,BSED Mathematics,BS Civil Engineering,88,,
Jayleen Huang,University of Oxford UK,0,,70,70,BS Criminology,BS Information Technology,70,,
Bowen Griffin,Harvard University USA,0,,95,95,BS Computer Science,BS Biology,95,,
Perla Hawkins,Harvard University USA,0,,80,80,BS Psychology,BS Accountancy,80,,
Kaison Yu,University of Cambridge UK,0,,65,65,BSED Mathematics,BS Civil Engineering,65,,
Margot Davenport,University of Oxford UK,0,,92,92,BS Criminology,BS Information Technology,92,,
Jett Haas,Harvard University USA,0,,78,78,BS Computer Science,BS Biology,78,,
Ember Hendricks,Harvard University USA,0,,60,60,BS Psychology,BS Accountancy,60,,
Zainab Archer,Harvard University USA,0,,87,87,BSED Mathematics,BS Civil Engineering,87,,
Alessio Valencia,Stanford University USA,0,,84,84,BS Criminology,BS Information Technology,84,,
Maritza Duarte,Stanford University USA,0,,68,68,BS Computer Science,BS Biology,68,,
Sterling Carlson,Harvard University USA,0,,90,90,BS Psychology,BS Accountancy,90,,
Aviana Ho,Stanford University USA,0,,79,79,BSED Mathematics,BS Civil Engineering,79,,
Bodhi O'Donnell,Harvard University USA,0,,63,63,BS Criminology,BS Information Technology,63,,
Elianna Velez,Stanford University USA,0,,91,91,BS Computer Science,BS Biology,91,,
Yael Levy,Stanford University USA,0,,77,77,BS Psychology,BS Accountancy,77,,
Orion Escobar,Stanford University USA,0,,55,55,BSED Mathematics,BS Civil Engineering,55,,
Callie Werner,Stanford University USA,0,,86,86,BS Criminology,BS Information Technology,86,,
Landen Ritter,Harvard University USA,0,,82,82,BS Computer Science,BS Biology,82,,
Amalia Friedman,Stanford University USA,0,,59,59,BS Psychology,BS Accountancy,59,,
Thaddeus Donovan,University of Oxford UK,0,,94,94,BSED Mathematics,BS Civil Engineering,94,,
Sariyah Yu,Stanford University USA,0,,83,83,BS Criminology,BS Information Technology,83,,
Corey Hutchinson,Stanford University USA,0,,62,62,BS Computer Science,BS Biology,62,,
Lina Foley,Harvard University USA,0,,85,85,BS Psychology,BS Accountancy,85,,
Koda McConnell,Harvard University USA,0,,97,97,BSED Mathematics,BS Civil Engineering,97,,
Emberly Frye,Harvard University USA,0,,79,79,BS Criminology,BS Information Technology,79,,
Bruno Boone,Harvard University USA,0,,92,92,BS Computer Science,BS Biology,92,,
Alia Waller,Harvard University USA,0,,78,78,BS Psychology,BS Accountancy,78,,
Landry McPherson,Stanford University USA,0,,60,60,BSED Mathematics,BS Civil Engineering,60,,
Leighton Foley,University of Oxford UK,0,,87,87,BS Criminology,BS Information Technology,87,,
Elinor Melendez,Harvard University USA,0,,84,84,BS Computer Science,BS Biology,84,,
Aryan Serrano,Harvard University USA,0,,68,68,BS Psychology,BS Criminology,68,,
Elyse Rubio,Harvard University USA,0,,90,90,BSED Mathematics,BS Computer Science,90,,
Omari Nicholson,Harvard University USA,0,,79,79,BS Criminology,BS Psychology,79,,
Alaya Lozano,Stanford University USA,0,,63,63,BS Computer Science,BSED Mathematics,63,,
Ephraim Sweeney,Harvard University USA,0,,91,91,BS Psychology,BS Criminology,91,,
Lilith Nguyen,Harvard University USA,0,,77,77,BSED Mathematics,BS Computer Science,77,,
Bronson Mullen,Harvard University USA,0,,55,55,BS Criminology,BS Psychology,55,,
Meredith Velasquez,Stanford University USA,0,,86,86,BS Computer Science,BSED Mathematics,86,,
Zayden Donovan,Stanford University USA,0,,82,82,BS Psychology,BS Criminology,82,,
Annalise Yu,Harvard University USA,0,,59,59,BSED Mathematics,BS Computer Science,59,,
Brett Castillo,Harvard University USA,0,,94,94,BS Criminology,BS Psychology,94,,
Kamryn Gallegos,Stanford University USA,0,,83,83,BS Computer Science,BSED Mathematics,83,,
Neymar Carpenter,Stanford University USA,0,,62,62,BS Psychology,BS Criminology,62,,
Milani Eaton,Massachusetts Institute of Technology (MIT) USA,0,,85,85,BSED Mathematics,BS Computer Science,85,,
Dorian Pineda,Harvard University USA,0,,88,88,BS Criminology,BS Psychology,88,,
Maisie Santana,Stanford University USA,0,,70,70,BS Computer Science,BSED Mathematics,70,,
Royce Sheppard,Stanford University USA,0,,95,95,BS Psychology,BS Criminology,95,,
Aiyana Huber,Harvard University USA,0,,80,80,BSED Mathematics,BS Computer Science,80,,
Lucien Mercer,Harvard University USA,0,,65,65,BS Criminology,BS Psychology,65,,
Kaitlyn O'Connell,Stanford University USA,0,,92,92,BS Computer Science,BSED Mathematics,92,,
Heath Garrison,Harvard University USA,0,,78,78,BS Psychology,BS Criminology,78,,
Amina Werner,Harvard University USA,0,,60,60,BSED Mathematics,BS Computer Science,60,,
Kylan Proctor,Harvard University USA,0,,87,87,BS Criminology,BS Psychology,87,,
Iliana Bartlett,Massachusetts Institute of Technology (MIT) USA,0,,84,84,BS Computer Science,BSED Mathematics,84,,
Davian Stokes,Harvard University USA,0,,68,68,BS Psychology,BS Criminology,68,,
Alessandra Holland,Stanford University USA,0,,90,90,BSED Mathematics,BS Computer Science,90,,
Yahir Mercer,Harvard University USA,0,,79,79,BS Criminology,BS Psychology,79,,
Mariam French,Massachusetts Institute of Technology (MIT) USA,0,,63,63,BS Computer Science,BSED Mathematics,63,,
Rayden Haas,Harvard University USA,0,,91,91,BS Psychology,BS Criminology,91,,
Saanvi Dawson,Harvard University USA,0,,77,77,BSED Mathematics,BS Computer Science,77,,
Zavier Pruitt,Stanford University USA,0,,55,55,BS Criminology,BS Psychology,55,,
Maren Ayers,Harvard University USA,0,,86,86,BS Computer Science,BSED Mathematics,86,,
Alonzo Werner,Harvard University USA,0,,82,82,BS Psychology,BS Criminology,82,,
Aryanna Chang,Stanford University USA,0,,59,59,BSED Mathematics,BS Computer Science,59,,
Kannon Maldonado,Stanford University USA,0,,94,94,BS Criminology,BS Psychology,94,,
Arlette Carpenter,Harvard University USA,0,,83,83,BS Computer Science,BSED Mathematics,83,,
Kyree Hendricks,Stanford University USA,0,,62,62,BS Psychology,BS Criminology,62,,
Daphne Stuart,Harvard University USA,0,,60,60,BSED Mathematics,BS Computer Science,60,,
Boone McDowell,Stanford University USA,0,,87,87,BS Criminology,BS Psychology,87,,
Ramona Donovan,Harvard University USA,0,,84,84,BS Computer Science,BSED Mathematics,84,,
Jadiel Stanton,Harvard University USA,0,,68,68,BS Psychology,BS Criminology,68,,
Veda Moyer,Stanford University USA,0,,90,90,BSED Mathematics,BS Computer Science,90,,
Valentino French,Harvard University USA,0,,79,79,BS Criminology,BS Psychology,79,,
Amayah Werner,Harvard University USA,0,,63,63,BS Computer Science,BSED Mathematics,63,,
Nikolai Rollins,Massachusetts Institute of Technology (MIT) USA,0,,91,91,BS Psychology,BS Criminology,91,,
Lillianna Ho,University of Oxford UK,0,,77,77,BSED Mathematics,BS Computer Science,77,,
Ramonita Deleon,Harvard University USA,0,,55,55,BS Criminology,BS Psychology,55,,
Trace Haas,Harvard University USA,0,,86,86,BS Computer Science,BSED Mathematics,86,,
Amara Rocha,Harvard University USA,0,,82,82,BS Psychology,BS Criminology,82,,
Jovani Wong,Massachusetts Institute of Technology (MIT) USA,0,,59,59,BSED Mathematics,BS Computer Science,59,,
Analia Baxter,Massachusetts Institute of Technology (MIT) USA,0,,94,94,BS Criminology,BS Psychology,94,,
Enoch Zimmerman,Harvard University USA,0,,83,83,BS Computer Science,BSED Mathematics,83,,
Elina Duarte,California Institute of Technology (Caltech) USA,0,,62,62,BS Psychology,BS Criminology,62,,
Karsyn Barrera,Harvard University USA,0,,85,85,BSED Mathematics,BS Computer Science,85,,
Raylan Levy,Harvard University USA,0,,88,88,BS Criminology,BS Psychology,88,,
Zaynab Werner,Harvard University USA,0,,70,70,BS Computer Science,BSED Mathematics,70,,
Gianluca Kent,University of Oxford UK,0,,95,95,BS Psychology,BS Criminology,95,,
Lilian McKay,Harvard University USA,0,,80,80,BSED Mathematics,BS Computer Science,80,,
Yahya Stuart,Harvard University USA,0,,65,65,BS Criminology,BS Psychology,65,,
Emory Buckley,California Institute of Technology (Caltech) USA,0,,92,92,BS Computer Science,BSED Mathematics,92,,
Emilee Carrillo,Imperial College London UK,0,,78,78,BS Psychology,BS Criminology,78,,
Imran Yu,University of Oxford UK,0,,60,60,BSED Mathematics,BS Computer Science,60,,
Anais Esparza,Harvard University USA,0,,87,87,BS Criminology,BS Psychology,87,,
Korbin Werner,Harvard University USA,0,,84,84,BS Computer Science,BSED Mathematics,84,,
Kayley Nixon,Stanford University USA,0,,68,68,BS Psychology,BS Criminology,68,,
Daxton Rosario,Stanford University USA,0,,90,90,BSED Mathematics,BS Computer Science,90,,
Anabella Hensley,Harvard University USA,0,,79,79,BS Criminology,BS Psychology,79,,
Franco Pace,University of Oxford UK,0,,63,63,BS Computer Science,BSED Mathematics,63,,
Lilah Andrade,Harvard University USA,0,,91,91,BS Psychology,BS Criminology,91,,
Kamdyn Werner,Massachusetts Institute of Technology (MIT) USA,0,,77,77,BSED Mathematics,BS Computer Science,77,,
Faye Mathews,University of Oxford UK,0,,55,55,BS Criminology,BS Psychology,55,,
Kolten Hess,Harvard University USA,0,,86,86,BS Computer Science,BSED Mathematics,86,,
Armani Stanton,Harvard University USA,0,,82,82,BS Psychology,BS Criminology,82,,
Emani Hebert,Stanford University USA,0,,59,59,BSED Mathematics,BS Computer Science,59,,
Brice Vang,Stanford University USA,0,,94,94,BS Criminology,BS Psychology,94,,
Yoselin Snow,Stanford University USA,0,,83,83,BS Computer Science,BSED Mathematics,83,,
Bradyn Poole,Stanford University USA,0,,62,62,BS Psychology,BS Criminology,62,,
Jurnee Mckinney,Stanford University USA,0,,85,85,BSED Mathematics,BS Computer Science,85,,
Darian Stanton,Harvard University USA,0,,97,97,BS Criminology,BS Psychology,97,,
Magdalena O'Connell,Stanford University USA,0,,79,79,BS Computer Science,BSED Mathematics,79,,
Alexzander Booth,Stanford University USA,0,,92,92,BS Psychology,BS Criminology,92,,
Ayden Friedman,Harvard University USA,0,,78,78,BSED Mathematics,BS Computer Science,78,,
Cambria Levine,Harvard University USA,0,,60,60,BS Criminology,BS Psychology,60,,
Kylan Crosby,University of Oxford UK,0,,87,87,BS Computer Science,BSED Mathematics,87,,
Brynley Yu,Stanford University USA,0,,84,84,BS Psychology,BS Criminology,84,,
Zavier Yu,Massachusetts Institute of Technology (MIT) USA,0,,68,68,BSED Mathematics,BS Computer Science,68,,
Kylah Erickson,Harvard University USA,0,,90,90,BS Criminology,BS Psychology,90,,
Kaison Yu,Harvard University USA,0,,79,79,BS Computer Science,BSED Mathematics,79,,
Adalynn Werner,Harvard University USA,0,,63,63,BS Psychology,BS Criminology,63,,
Kylan Stafford,Stanford University USA,0,,91,91,BSED Mathematics,BS Computer Science,91,,
Charleigh Randolph,Stanford University USA,0,,77,77,BS Criminology,BS Psychology,77,,
Zyaire Cantu,Harvard University USA,0,,55,55,BS Computer Science,BSED Mathematics,55,,
Mckinley Harding,Harvard University USA,0,,86,86,BS Psychology,BS Criminology,86,,
Jazmin Mclean,Harvard University USA,0,,82,82,BSED Mathematics,BS Computer Science,82,,
Rayne Ho,University of Oxford UK,0,,59,59,BS Criminology,BS Psychology,59,,
Emory Dougherty,Stanford University USA,0,,94,94,BS Computer Science,BSED Mathematics,94,,
Sariyah Yu,Harvard University USA,0,,83,83,BS Psychology,BS Criminology,83,,
Kase Silva,Stanford University USA,0,,62,62,BSED Mathematics,BS Computer Science,62,,
Briggs Shea,University of Cambridge UK,0,,85,85,BS Criminology,BS Psychology,85,,
Lillie Fitzgerald,Harvard University USA,0,,88,88,BS Computer Science,BSED Mathematics,88,,
Arya Melton,University of Oxford UK,0,,70,70,BS Psychology,BS Criminology,70,,
Aniya Tapia,Harvard University USA,0,,95,95,BSED Mathematics,BS Computer Science,95,,
Lylah Padilla,Harvard University USA,0,,80,80,BS Criminology,BS Psychology,80,,
Zayne Rush,Stanford University USA,0,,65,65,BS Computer Science,BSED Mathematics,65,,
Sariya Howe,Stanford University USA,0,,92,92,BS Psychology,BS Criminology,92,,
Kaleb Mcdowell,Harvard University USA,0,,78,78,BSED Mathematics,BS Computer Science,78,,
Elianna Velez,Stanford University USA,0,,60,60,BS Criminology,BS Psychology,60,,
Kiera Werner,Massachusetts Institute of Technology (MIT) USA,0,,87,87,BS Computer Science,BSED Mathematics,87,,
Madelynn Yu,Stanford University USA,0,,84,84,BS Psychology,BS Criminology,84,,
Tyree Mathews,Harvard University USA,0,,68,68,BSED Mathematics,BS Computer Science,68,,
Kian Curry,Stanford University USA,0,,90,90,BS Criminology,BS Psychology,90,,
Vienna Park,Stanford University USA,0,,79,79,BS Computer Science,BSED Mathematics,79,,
Kylan Carpenter,Harvard University USA,0,,63,63,BS Psychology,BS Criminology,63,,
Analia Moran,Stanford University USA,0,,91,91,BSED Mathematics,BS Computer Science,91,,
Aryana Hurley,Harvard University USA,0,,77,77,BS Criminology,BS Psychology,77,,
Kameron Baxter,Harvard University USA,0,,55,55,BS Computer Science,BSED Mathematics,55,,
Amina Hampton,University of Oxford UK,0,,86,86,BS Psychology,BS Criminology,86,,
Landry Mcpherson,Harvard University USA,0,,82,82,BSED Mathematics,BS Computer Science,82,,
Sariyah Yu,Harvard University USA,0,,59,59,BS Criminology,BS Psychology,59,,
Graeme Snyder,University of Cambridge UK,0,,94,94,BS Computer Science,BSED Mathematics,94,,
Alaia Mccarty,University of Oxford UK,0,,83,83,BS Psychology,BS Criminology,83,,
Kylan Baxter,Harvard University USA,0,,62,62,BSED Mathematics,BS Computer Science,62,,
Kolby Yu,Harvard University USA,0,,60,60,BS Criminology,BS Psychology,60,,
Kieran Leblanc,Harvard University USA,0,,87,87,BS Computer Science,BSED Mathematics,87,,
Emery Bass,Stanford University USA,0,,84,84,BS Psychology,BS Criminology,84,,
Kamiyah Werner,Stanford University USA,0,,68,68,BSED Mathematics,BS Computer Science,68,,
Naima Kent,Harvard University USA,0,,90,90,BS Criminology,BS Psychology,90,,
Kiera Werner,Stanford University USA,0,,79,79,BS Computer Science,BSED Mathematics,79,,
Kylan Baxter,Harvard University USA,0,,63,63,BS Psychology,BS Criminology,63,,
Charley Shepard,Stanford University USA,0,,91,91,BSED Mathematics,BS Computer Science,91,,
Landen Ritter,Stanford University USA,0,,77,77,BS Criminology,BS Psychology,77,,
Camila Paige,Stanford University USA,0,,55,55,BS Computer Science,BSED Mathematics,55,,
Kylan Baxter,Stanford University USA,0,,86,86,BS Psychology,BS Criminology,86,,
Kian Curry,Harvard University USA,0,,82,82,BSED Mathematics,BS Computer Science,82,,
Emory Dougherty,Stanford University USA,0,,59,59,BS Criminology,BS Psychology,59,,
Arya Melton,University of Oxford UK,0,,94,94,BS Computer Science,BSED Mathematics,94,,
Zariah Moran,Stanford University USA,0,,83,83,BS Psychology,BS Criminology,83,,
Kameron Baxter,Stanford University USA,0,,62,62,BSED Mathematics,BS Computer Science,62,,
Anaya Hoover,Harvard University USA,0,,85,85,BS Criminology,BS Information Technology,85,,
Liana Cherry,Harvard University USA,0,,88,88,BS Computer Science,BS Biology,88,,
Elisa Henson,Harvard University USA,0,,70,70,BS Psychology,BS Accountancy,70,,
Kylan Baxter,Harvard University USA,4,,95,95,BSED Mathematics,BS Civil Engineering,95,,
Kyra Werner,Harvard University USA,5,,80,80,BS Criminology,BS Information Technology,80,,
Kyleigh Yu,Stanford University USA,6,,65,65,BS Computer Science,BS Biology,65,,
Emilee Carrillo,University of Oxford UK,7,,92,92,BS Psychology,BS Accountancy,92,,
Kylan Baxter,Harvard University USA,8,,78,78,BSED Mathematics,BS Civil Engineering,78,,
Kyla Mullins,Harvard University USA,9,,60,60,BS Criminology,BS Information Technology,60,,
Landry Mcpherson,Harvard University USA,10,,87,87,BS Computer Science,BS Biology,87,,
John Doe,Harvard University USA,11,,84,84,BS Psychology,BS Accountancy,84,,
Jane Smith,Stanford University USA,1,,68,68,BSED Mathematics,BS Civil Engineering,68,,
Michael Johnson,Harvard University USA,1,,90,90,BS Criminology,BS Information Technology,90,,
Emily Davis,Harvard University USA,1,,79,79,BS Computer Science,BS Biology,79,,
Robert Anderson,Harvard University USA,1,,63,63,BS Psychology,BS Accountancy,63,,
Sarah White,Stanford University USA,1,,91,91,BSED Mathematics,BS Civil Engineering,91,,
Christopher Lee,Stanford University USA,1,,77,77,BS Criminology,BS Information Technology,77,,
Olivia Taylor,Harvard University USA,1,,55,55,BS Computer Science,BS Biology,55,,
Daniel Brown,Harvard University USA,1,,86,86,BS Psychology,BS Accountancy,86,,
Mia Harris,Stanford University USA,1,,82,82,BSED Mathematics,BS Civil Engineering,82,,
Liam Martin,Stanford University USA,1,,59,59,BS Criminology,BS Information Technology,59,,
Ava Garcia,Massachusetts Institute of Technology (MIT) USA,1,,94,94,BS Computer Science,BS Biology,94,,
Ethan Wilson,Harvard University USA,1,,83,83,BS Psychology,BS Accountancy,83,,
Emma Miller,Stanford University USA,1,,62,62,BSED Mathematics,BS Civil Engineering,62,,
Noah Davis,Stanford University USA,1,,85,85,BS Criminology,BS Information Technology,85,,
Sophia Clark,Harvard University USA,1,,97,97,BS Computer Science,BS Biology,97,,
Logan Turner,Harvard University USA,1,,79,79,BS Psychology,BS Accountancy,79,,
Mia Johnson,Stanford University USA,1,,92,92,BSED Mathematics,BS Civil Engineering,92,,
Aiden Thomas,Harvard University USA,1,,78,78,BS Criminology,BS Information Technology,78,,
Abigail Moore,Harvard University USA,1,,60,60,BS Computer Science,BS Biology,60,,
Jackson Brooks,Harvard University USA,1,,87,87,BS Psychology,BS Accountancy,87,,
Lily Walker,Massachusetts Institute of Technology (MIT) USA,a,,84,84,BSED Mathematics,BS Civil Engineering,84,,
Samuel Hall,Harvard University USA,1,,68,68,BS Criminology,BS Information Technology,68,,
Zoey Adams,Stanford University USA,1,,90,90,BS Computer Science,BS Biology,90,,
Owen Turner,Harvard University USA,1,,79,79,BS Psychology,BS Accountancy,79,,
Grace Taylor,Massachusetts Institute of Technology (MIT) USA,a,,63,63,BSED Mathematics,BS Civil Engineering,63,,
Benjamin Scott,Harvard University USA,1,,91,91,BS Criminology,BS Information Technology,91,,
Harper Baker,Harvard University USA,ADS,,77,77,BS Computer Science,BS Biology,77,,
Oliver Carter,Stanford University USA,1,,55,55,BS Psychology,BS Accountancy,55,,
Natalie King,Harvard University USA,1,,86,86,BSED Mathematics,BS Civil Engineering,86,,
Isaac Ward,Harvard University USA,1,,82,82,BS Criminology,BS Information Technology,82,,
Aria Lopez,Stanford University USA,1,,59,59,BS Computer Science,BS Biology,59,,
James Cooper,Stanford University USA,1,,94,94,BS Psychology,BS Accountancy,94,,
Stella Mitchell,Harvard University USA,1,,83,83,BSED Mathematics,BS Civil Engineering,83,,
Leo Perez,Stanford University USA,1,,62,62,BS Criminology,BS Information Technology,62,,
Hazel Rivera,Harvard University USA,S,,85,85,BS Computer Science,BS Biology,85,,
Elijah Reed,Stanford University USA,1,,88,88,BS Psychology,BS Accountancy,88,,
Penelope Torres,Harvard University USA,1,,70,70,BSED Mathematics,BS Civil Engineering,70,,
Wyatt Morgan,Harvard University USA,1,,95,95,BS Criminology,BS Information Technology,95,,
Addison Price,Stanford University USA,1,,80,80,BS Computer Science,BS Biology,80,,
Grayson Bell,Harvard University USA,1,,65,65,BS Psychology,BS Accountancy,65,,
Paisley Diaz,Harvard University USA,1,,92,92,BSED Mathematics,BS Civil Engineering,92,,
Lincoln Coleman,Massachusetts Institute of Technology (MIT) USA,1,,78,78,BS Criminology,BS Information Technology,78,,
Gabriella Hayes,University of Oxford UK,SD,,60,60,BS Computer Science,BS Biology,60,,
Zane Stewart,Harvard University USA,1,,87,87,BS Psychology,BS Accountancy,87,,
Bella Turner,Harvard University USA,1,,84,84,BSED Mathematics,BS Civil Engineering,84,,
Caleb Ross,Harvard University USA,1,,68,68,BS Criminology,BS Information Technology,68,,
Luna Young,Massachusetts Institute of Technology (MIT) USA,1,,90,90,BS Computer Science,BS Biology,90,,
Mateo Perry,Massachusetts Institute of Technology (MIT) USA,1,,79,79,BS Psychology,BS Accountancy,79,,
Hazel Collins,Harvard University USA,D,,63,63,BSED Mathematics,BS Civil Engineering,63,,
Hudson Hughes,California Institute of Technology (Caltech) USA,1,,91,91,BS Criminology,BS Information Technology,91,,
Aurora Morgan,Harvard University USA,1,,77,77,BS Computer Science,BS Biology,77,,
Carter Brooks,Harvard University USA,1,,55,55,BS Psychology,BS Accountancy,55,,
Nova Ward,Harvard University USA,1,,86,86,BSED Mathematics,BS Civil Engineering,86,,
Elijah Kelly,University of Oxford UK,1,,82,82,BS Criminology,BS Information Technology,82,,
Ivy Powell,Harvard University USA,1,,59,59,BS Computer Science,BS Biology,59,,
Sawyer Bailey,Harvard University USA,1,,94,94,BS Psychology,BS Accountancy,94,,
Clara Holmes,California Institute of Technology (Caltech) USA,1,,83,83,BSED Mathematics,BS Civil Engineering,83,,
Silas Sullivan,Imperial College London UK,1,,62,62,BS Criminology,BS Information Technology,62,,
Hazel Olson,University of Oxford UK,S,,60,60,BS Computer Science,BS Biology,60,,
Lincoln Holmes,Harvard University USA,1,,87,87,BS Psychology,BS Accountancy,87,,
Lucy Myers,Harvard University USA,1,,84,84,BSED Mathematics,BS Civil Engineering,84,,
Nolan Turner,Stanford University USA,1,,68,68,BS Criminology,BS Information Technology,68,,
Stella Schmidt,Stanford University USA,1,,90,90,BS Computer Science,BS Biology,90,,
Max Thompson,Harvard University USA,1,,79,79,BS Psychology,BS Accountancy,79,,
Mia Harper,University of Oxford UK,1,,63,63,BSED Mathematics,BS Civil Engineering,63,,
Oliver Turner,Harvard University USA,1,,91,91,BS Criminology,BS Information Technology,91,,
Scarlett Foster,Massachusetts Institute of Technology (MIT) USA,1,,77,77,BS Computer Science,BS Biology,77,,
Levi Russell,University of Oxford UK,1,,55,55,BS Psychology,BS Accountancy,55,,
Evelyn Reed,Harvard University USA,A,,86,86,BSED Mathematics,BS Civil Engineering,86,,
Jackson Turner,Harvard University USA,1,,82,82,BS Criminology,BS Information Technology,82,,
Harper Coleman,Stanford University USA,1,,59,59,BS Computer Science,BS Biology,59,,
Amelia Brooks,Stanford University USA,1,,94,94,BS Psychology,BS Accountancy,94,,
Mason Turner,Stanford University USA,1,,83,83,BSED Mathematics,BS Civil Engineering,83,,
Zoe Sullivan,Stanford University USA,1,,62,62,BS Criminology,BS Information Technology,62,,
Caleb Turner,Stanford University USA,1,,85,85,BS Computer Science,BS Biology,85,,
Aurora Hayes,Harvard University USA,1,,88,88,BS Psychology,BS Accountancy,88,,
Logan Turner,Stanford University USA,1,,70,70,BSED Mathematics,BS Civil Engineering,70,,
Ivy Bell,Stanford University USA,1,,95,95,BS Criminology,BS Information Technology,95,,
John Smith,Harvard University USA,1,,80,80,BS Computer Science,BS Biology,80,,
Emily Johnson,Harvard University USA,1,,65,65,BS Psychology,BS Accountancy,65,,
Ethan Parker,University of Oxford UK,1,,92,92,BSED Mathematics,BS Civil Engineering,92,,
Sophie Brown,Stanford University USA,1,,78,78,BS Criminology,BS Information Technology,78,,
Noah Wilson,Massachusetts Institute of Technology (MIT) USA,1,,60,60,BS Computer Science,BS Biology,60,,
Ava Turner,Harvard University USA,1,,87,87,BS Psychology,BS Accountancy,87,,
Olivia White,Harvard University USA,1,,84,84,BSED Mathematics,BS Civil Engineering,84,,
Logan Davis,Harvard University USA,1,,68,68,BS Criminology,BS Information Technology,68,,
Emma Adams,Stanford University USA,1,,90,90,BS Computer Science,BS Biology,90,,
Daniel Hall,Stanford University USA,1,,79,79,BS Psychology,BS Accountancy,79,,
Mia Martin,Harvard University USA,1,,63,63,BSED Mathematics,BS Civil Engineering,63,,
Liam Harris,Harvard University USA,1,,91,91,BS Criminology,BS Information Technology,91,,
Ella Thompson,Harvard University USA,1,,77,77,BS Computer Science,BS Biology,77,,
James Carter,University of Oxford UK,1,,55,55,BS Psychology,BS Accountancy,55,,
Avery Taylor,Stanford University USA,1,,86,86,BSED Mathematics,BS Civil Engineering,86,,
Isabella Rodriguez,Harvard University USA,1,,82,82,BS Criminology,BS Information Technology,82,,
Matthew Lee,Stanford University USA,1,,59,59,BS Computer Science,BS Biology,59,,
Evelyn King,University of Cambridge UK,1,,94,94,BS Psychology,BS Accountancy,94,,
Michael Harris,Harvard University USA,1,,83,83,BSED Mathematics,BS Civil Engineering,83,,
Aria Scott,University of Oxford UK,1,,62,62,BS Criminology,BS Information Technology,62,,
Elijah Baker,Harvard University USA,1,,85,85,BS Computer Science,BS Biology,85,,
Charlotte Clark,Harvard University USA,1,,97,97,BS Psychology,BS Accountancy,97,,
Lucas Turner,Stanford University USA,1,,79,79,BSED Mathematics,BS Civil Engineering,79,,
Grace Evans,Stanford University USA,1,,92,92,BS Criminology,BS Information Technology,92,,
Benjamin Turner,Harvard University USA,1,,78,78,BS Computer Science,BS Biology,78,,
Aria Nelson,Stanford University USA,1,,60,60,BS Psychology,BS Accountancy,60,,
Hazel Parker,Massachusetts Institute of Technology (MIT) USA,1,,87,87,BSED Mathematics,BS Civil Engineering,87,,
Zoey Thompson,Stanford University USA,1,,84,84,BS Criminology,BS Information Technology,84,,
Jacob Brooks,Harvard University USA,1,,68,68,BS Computer Science,BS Biology,68,,
Mia Hernandez,Stanford University USA,1,,90,90,BS Psychology,BS Accountancy,90,,
Landon Davis,Stanford University USA,1,,79,79,BSED Mathematics,BS Civil Engineering,79,,
Eva Adams,Harvard University USA,1,,63,63,BS Criminology,BS Information Technology,63,,
Jack Hall,Stanford University USA,1,,91,91,BS Computer Science,BS Biology,91,,
Ella Miller,Harvard University USA,1,,77,77,BS Psychology,BS Accountancy,77,,
Logan Martin,Harvard University USA,1,,55,55,BSED Mathematics,BS Civil Engineering,55,,
Avery Harris,University of Oxford UK,1,,86,86,BS Criminology,BS Information Technology,86,,
Isabella Thompson,Harvard University USA,1,,82,82,BS Computer Science,BS Biology,82,,
Matthew Carter,Harvard University USA,1,,59,59,BS Psychology,BS Accountancy,59,,
Evelyn Taylor,University of Cambridge UK,1,,94,94,BSED Mathematics,BS Civil Engineering,94,,
Michael Rodriguez,University of Oxford UK,1,,83,83,BS Criminology,BS Information Technology,83,,
Aria Lee,Harvard University USA,1,,62,62,BS Computer Science,BS Biology,62,,
Sophie Holmes,Harvard University USA,1,,85,85,BS Psychology,BS Accountancy,85,,
Noah Scott,Harvard University USA,1,,88,88,BSED Mathematics,BS Civil Engineering,88,,
Ava Baker,Stanford University USA,1,,70,70,BS Criminology,BS Information Technology,70,,
Olivia Turner,Stanford University USA,1,,95,95,BS Computer Science,BS Biology,95,,
Logan Clark,Harvard University USA,1,,80,80,BS Psychology,BS Accountancy,80,,
Emma Evans,Stanford University USA,1,,65,65,BSED Mathematics,BS Civil Engineering,65,,
Logan Davis,Harvard University USA,1,,92,92,BS Criminology,BS Information Technology,92,,
Emma Adams,Stanford University USA,1,,78,78,BS Computer Science,BS Biology,78,,
Daniel Hall,Stanford University USA,1,,60,60,BS Psychology,BS Accountancy,60,,
Mia Martin,Stanford University USA,1,,87,87,BSED Mathematics,BS Civil Engineering,87,,
Liam Harris,Stanford University USA,1,,84,84,BS Criminology,BS Information Technology,84,,
Ella Thompson,Harvard University USA,1,,68,68,BS Computer Science,BS Biology,68,,
James Carter,Stanford University USA,1,,90,90,BS Psychology,BS Accountancy,90,,
Avery Taylor,University of Oxford UK,1,,79,79,BSED Mathematics,BS Civil Engineering,79,,
Isabella Rodriguez,Stanford University USA,1,,63,63,BS Criminology,BS Information Technology,63,,
Matthew Lee,Stanford University USA,1,,91,91,BS Computer Science,BS Biology,91,,
Evelyn King,Harvard University USA,1,,77,77,BS Psychology,BS Accountancy,77,,
Michael Harris,Harvard University USA,1,,55,55,BSED Mathematics,BS Civil Engineering,55,,
Aria Scott,Harvard University USA,1,,86,86,BS Criminology,BS Information Technology,86,,
Elijah Baker,Harvard University USA,1,,82,82,BS Computer Science,BS Biology,82,,
Charlotte Clark,Harvard University USA,1,,59,59,BS Psychology,BS Accountancy,59,,
Lucas Turner,Stanford University USA,1,,94,94,BSED Mathematics,BS Civil Engineering,94,,
Grace Evans,University of Oxford UK,1,,83,83,BS Criminology,BS Information Technology,83,,
Benjamin Turner,Harvard University USA,1,,62,62,BS Computer Science,BS Biology,62,,
Aria Nelson,Harvard University USA,1,,60,60,BS Psychology,BS Accountancy,60,,
Hazel Parker,Harvard University USA,1,,87,87,BSED Mathematics,BS Civil Engineering,87,,
Zoey Thompson,Harvard University USA,1,,84,84,BS Criminology,BS Information Technology,84,,
Jacob Brooks,Stanford University USA,1,,68,68,BS Computer Science,BS Biology,68,,
Mia Hernandez,Harvard University USA,1,,90,90,BS Psychology,BS Accountancy,90,,
Landon Davis,Harvard University USA,1,,79,79,BSED Mathematics,BS Civil Engineering,79,,
Eva Adams,Harvard University USA,1,,63,63,BS Criminology,BS Information Technology,63,,
Jack Hall,Stanford University USA,1,,91,91,BS Computer Science,BS Biology,91,,
Ella Miller,Stanford University USA,1,,65,65,BS Psychology,BS Accountancy,65,,
Logan Martin,Harvard University USA,1,,65,65,BSED Mathematics,BS Civil Engineering,65,,
Avery Harris,Harvard University USA,1,,65,65,BS Criminology,BS Information Technology,65,,
Isabella Thompson,Stanford University USA,1,,65,65,BS Computer Science,BS Biology,65,,
Matthew Carter,Stanford University USA,1,,65,65,BS Psychology,BS Accountancy,65,,
Evelyn Taylor,Massachusetts Institute of Technology (MIT) USA,1,,65,65,BSED Mathematics,BS Civil Engineering,65,,
Michael Rodriguez,Harvard University USA,1,,65,65,BS Criminology,BS Information Technology,65,,
Aria Lee,Stanford University USA,1,,65,65,BS Computer Science,BS Biology,65,,
Sophie Holmes,Stanford University USA,1,,65,65,BS Psychology,BS Accountancy,65,,
Noah Scott,Harvard University USA,1,,65,65,BSED Mathematics,BS Civil Engineering,65,,
Ava Baker,Harvard University USA,1,,65,65,BS Criminology,BS Information Technology,65,,
Olivia Turner,Stanford University USA,1,,65,65,BS Computer Science,BS Biology,65,,
Logan Clark,Harvard University USA,1,,65,65,BS Psychology,BS Accountancy,65,,
Emma Evans,Harvard University USA,1,,65,65,BSED Mathematics,BS Civil Engineering,65,,
Lucas Turner,Harvard University USA,1,,65,65,BS Criminology,BS Information Technology,65,,
Darryl John,Massachusetts Institute of Technology (MIT) USA,1,,65,65,BS Computer Science,BS Biology,65,,
Johnny Sins,Harvard University USA,1,,65,65,BS Psychology,BS Accountancy,65,,
ABC MOORE,Stanford University USA,1,,100,100,BSED Mathematics,BS Civil Engineering,100,,
Darryl John,Harvard University USA,1,,100,100,BS Criminology,BS Information Technology,100,,
Hinata Shoyo,Massachusetts Institute of Technology (MIT) USA,1,,100,100,BS Computer Science,BS Biology,100,,
Garneee,aa,,,,,,,,,
OG,GO,GO,,GO,GO,GO,,GO,,
Jacbadsdasd,asdas,asdsa,,adas,adas,asdasd,,adas,,
